Close Minus 20,Close Minus 19,Close Minus 18,Close Minus 17,Close Minus 16,Close Minus 15,Close Minus 14,Close Minus 13,Close Minus 12,Close Minus 11,Close Minus 10,Close Minus 9,Close Minus 8,Close Minus 7,Close Minus 6,Close Minus 5,Close Minus 4,Close Minus 3,Close Minus 2,Close Minus 1,close
8.883,8.883,8.892000000000001,8.854,8.873,8.873,8.863,8.873,8.883,8.863,8.873,8.892000000000001,8.902000000000001,8.941,8.941,8.988999999999999,8.98,9.048,8.98,9.027999999999999,9.019
8.883,8.892000000000001,8.854,8.873,8.873,8.863,8.873,8.883,8.863,8.873,8.892000000000001,8.902000000000001,8.941,8.941,8.988999999999999,8.98,9.048,8.98,9.027999999999999,9.019,9.019
8.892000000000001,8.854,8.873,8.873,8.863,8.873,8.883,8.863,8.873,8.892000000000001,8.902000000000001,8.941,8.941,8.988999999999999,8.98,9.048,8.98,9.027999999999999,9.019,9.019,9.027999999999999
8.854,8.873,8.873,8.863,8.873,8.883,8.863,8.873,8.892000000000001,8.902000000000001,8.941,8.941,8.988999999999999,8.98,9.048,8.98,9.027999999999999,9.019,9.019,9.027999999999999,9.048
8.873,8.873,8.863,8.873,8.883,8.863,8.873,8.892000000000001,8.902000000000001,8.941,8.941,8.988999999999999,8.98,9.048,8.98,9.027999999999999,9.019,9.019,9.027999999999999,9.048,9.125
8.873,8.863,8.873,8.883,8.863,8.873,8.892000000000001,8.902000000000001,8.941,8.941,8.988999999999999,8.98,9.048,8.98,9.027999999999999,9.019,9.019,9.027999999999999,9.048,9.125,9.116
8.863,8.873,8.883,8.863,8.873,8.892000000000001,8.902000000000001,8.941,8.941,8.988999999999999,8.98,9.048,8.98,9.027999999999999,9.019,9.019,9.027999999999999,9.048,9.125,9.116,9.164
8.873,8.883,8.863,8.873,8.892000000000001,8.902000000000001,8.941,8.941,8.988999999999999,8.98,9.048,8.98,9.027999999999999,9.019,9.019,9.027999999999999,9.048,9.125,9.116,9.164,9.174
8.883,8.863,8.873,8.892000000000001,8.902000000000001,8.941,8.941,8.988999999999999,8.98,9.048,8.98,9.027999999999999,9.019,9.019,9.027999999999999,9.048,9.125,9.116,9.164,9.174,9.106
8.863,8.873,8.892000000000001,8.902000000000001,8.941,8.941,8.988999999999999,8.98,9.048,8.98,9.027999999999999,9.019,9.019,9.027999999999999,9.048,9.125,9.116,9.164,9.174,9.106,9.271
8.873,8.892000000000001,8.902000000000001,8.941,8.941,8.988999999999999,8.98,9.048,8.98,9.027999999999999,9.019,9.019,9.027999999999999,9.048,9.125,9.116,9.164,9.174,9.106,9.271,9.28
8.892000000000001,8.902000000000001,8.941,8.941,8.988999999999999,8.98,9.048,8.98,9.027999999999999,9.019,9.019,9.027999999999999,9.048,9.125,9.116,9.164,9.174,9.106,9.271,9.28,9.28
8.902000000000001,8.941,8.941,8.988999999999999,8.98,9.048,8.98,9.027999999999999,9.019,9.019,9.027999999999999,9.048,9.125,9.116,9.164,9.174,9.106,9.271,9.28,9.28,9.222000000000001
8.941,8.941,8.988999999999999,8.98,9.048,8.98,9.027999999999999,9.019,9.019,9.027999999999999,9.048,9.125,9.116,9.164,9.174,9.106,9.271,9.28,9.28,9.222000000000001,9.213
8.941,8.988999999999999,8.98,9.048,8.98,9.027999999999999,9.019,9.019,9.027999999999999,9.048,9.125,9.116,9.164,9.174,9.106,9.271,9.28,9.28,9.222000000000001,9.213,9.145
8.988999999999999,8.98,9.048,8.98,9.027999999999999,9.019,9.019,9.027999999999999,9.048,9.125,9.116,9.164,9.174,9.106,9.271,9.28,9.28,9.222000000000001,9.213,9.145,9.193
8.98,9.048,8.98,9.027999999999999,9.019,9.019,9.027999999999999,9.048,9.125,9.116,9.164,9.174,9.106,9.271,9.28,9.28,9.222000000000001,9.213,9.145,9.193,9.203
9.048,8.98,9.027999999999999,9.019,9.019,9.027999999999999,9.048,9.125,9.116,9.164,9.174,9.106,9.271,9.28,9.28,9.222000000000001,9.213,9.145,9.193,9.203,9.145
8.98,9.027999999999999,9.019,9.019,9.027999999999999,9.048,9.125,9.116,9.164,9.174,9.106,9.271,9.28,9.28,9.222000000000001,9.213,9.145,9.193,9.203,9.145,9.116
9.027999999999999,9.019,9.019,9.027999999999999,9.048,9.125,9.116,9.164,9.174,9.106,9.271,9.28,9.28,9.222000000000001,9.213,9.145,9.193,9.203,9.145,9.116,9.164
9.019,9.019,9.027999999999999,9.048,9.125,9.116,9.164,9.174,9.106,9.271,9.28,9.28,9.222000000000001,9.213,9.145,9.193,9.203,9.145,9.116,9.164,9.164
9.019,9.027999999999999,9.048,9.125,9.116,9.164,9.174,9.106,9.271,9.28,9.28,9.222000000000001,9.213,9.145,9.193,9.203,9.145,9.116,9.164,9.164,9.135
9.027999999999999,9.048,9.125,9.116,9.164,9.174,9.106,9.271,9.28,9.28,9.222000000000001,9.213,9.145,9.193,9.203,9.145,9.116,9.164,9.164,9.135,9.096
9.048,9.125,9.116,9.164,9.174,9.106,9.271,9.28,9.28,9.222000000000001,9.213,9.145,9.193,9.203,9.145,9.116,9.164,9.164,9.135,9.096,9.116
9.125,9.116,9.164,9.174,9.106,9.271,9.28,9.28,9.222000000000001,9.213,9.145,9.193,9.203,9.145,9.116,9.164,9.164,9.135,9.096,9.116,9.154
9.116,9.164,9.174,9.106,9.271,9.28,9.28,9.222000000000001,9.213,9.145,9.193,9.203,9.145,9.116,9.164,9.164,9.135,9.096,9.116,9.154,9.154
9.164,9.174,9.106,9.271,9.28,9.28,9.222000000000001,9.213,9.145,9.193,9.203,9.145,9.116,9.164,9.164,9.135,9.096,9.116,9.154,9.154,9.193
9.174,9.106,9.271,9.28,9.28,9.222000000000001,9.213,9.145,9.193,9.203,9.145,9.116,9.164,9.164,9.135,9.096,9.116,9.154,9.154,9.193,9.232000000000001
9.106,9.271,9.28,9.28,9.222000000000001,9.213,9.145,9.193,9.203,9.145,9.116,9.164,9.164,9.135,9.096,9.116,9.154,9.154,9.193,9.232000000000001,9.027999999999999
9.271,9.28,9.28,9.222000000000001,9.213,9.145,9.193,9.203,9.145,9.116,9.164,9.164,9.135,9.096,9.116,9.154,9.154,9.193,9.232000000000001,9.027999999999999,8.97
9.28,9.28,9.222000000000001,9.213,9.145,9.193,9.203,9.145,9.116,9.164,9.164,9.135,9.096,9.116,9.154,9.154,9.193,9.232000000000001,9.027999999999999,8.97,8.96
9.28,9.222000000000001,9.213,9.145,9.193,9.203,9.145,9.116,9.164,9.164,9.135,9.096,9.116,9.154,9.154,9.193,9.232000000000001,9.027999999999999,8.97,8.96,8.883
9.222000000000001,9.213,9.145,9.193,9.203,9.145,9.116,9.164,9.164,9.135,9.096,9.116,9.154,9.154,9.193,9.232000000000001,9.027999999999999,8.97,8.96,8.883,8.922
9.213,9.145,9.193,9.203,9.145,9.116,9.164,9.164,9.135,9.096,9.116,9.154,9.154,9.193,9.232000000000001,9.027999999999999,8.97,8.96,8.883,8.922,8.912
9.145,9.193,9.203,9.145,9.116,9.164,9.164,9.135,9.096,9.116,9.154,9.154,9.193,9.232000000000001,9.027999999999999,8.97,8.96,8.883,8.922,8.912,8.863
9.193,9.203,9.145,9.116,9.164,9.164,9.135,9.096,9.116,9.154,9.154,9.193,9.232000000000001,9.027999999999999,8.97,8.96,8.883,8.922,8.912,8.863,8.844
9.203,9.145,9.116,9.164,9.164,9.135,9.096,9.116,9.154,9.154,9.193,9.232000000000001,9.027999999999999,8.97,8.96,8.883,8.922,8.912,8.863,8.844,8.834
9.145,9.116,9.164,9.164,9.135,9.096,9.116,9.154,9.154,9.193,9.232000000000001,9.027999999999999,8.97,8.96,8.883,8.922,8.912,8.863,8.844,8.834,8.805
9.116,9.164,9.164,9.135,9.096,9.116,9.154,9.154,9.193,9.232000000000001,9.027999999999999,8.97,8.96,8.883,8.922,8.912,8.863,8.844,8.834,8.805,8.892000000000001
9.164,9.164,9.135,9.096,9.116,9.154,9.154,9.193,9.232000000000001,9.027999999999999,8.97,8.96,8.883,8.922,8.912,8.863,8.844,8.834,8.805,8.892000000000001,8.931000000000001
9.164,9.135,9.096,9.116,9.154,9.154,9.193,9.232000000000001,9.027999999999999,8.97,8.96,8.883,8.922,8.912,8.863,8.844,8.834,8.805,8.892000000000001,8.931000000000001,8.922
9.135,9.096,9.116,9.154,9.154,9.193,9.232000000000001,9.027999999999999,8.97,8.96,8.883,8.922,8.912,8.863,8.844,8.834,8.805,8.892000000000001,8.931000000000001,8.922,8.922
9.096,9.116,9.154,9.154,9.193,9.232000000000001,9.027999999999999,8.97,8.96,8.883,8.922,8.912,8.863,8.844,8.834,8.805,8.892000000000001,8.931000000000001,8.922,8.922,8.902000000000001
9.116,9.154,9.154,9.193,9.232000000000001,9.027999999999999,8.97,8.96,8.883,8.922,8.912,8.863,8.844,8.834,8.805,8.892000000000001,8.931000000000001,8.922,8.922,8.902000000000001,8.873
9.154,9.154,9.193,9.232000000000001,9.027999999999999,8.97,8.96,8.883,8.922,8.912,8.863,8.844,8.834,8.805,8.892000000000001,8.931000000000001,8.922,8.922,8.902000000000001,8.873,8.844
9.154,9.193,9.232000000000001,9.027999999999999,8.97,8.96,8.883,8.922,8.912,8.863,8.844,8.834,8.805,8.892000000000001,8.931000000000001,8.922,8.922,8.902000000000001,8.873,8.844,8.844
9.193,9.232000000000001,9.027999999999999,8.97,8.96,8.883,8.922,8.912,8.863,8.844,8.834,8.805,8.892000000000001,8.931000000000001,8.922,8.922,8.902000000000001,8.873,8.844,8.844,8.805
9.232000000000001,9.027999999999999,8.97,8.96,8.883,8.922,8.912,8.863,8.844,8.834,8.805,8.892000000000001,8.931000000000001,8.922,8.922,8.902000000000001,8.873,8.844,8.844,8.805,8.825
9.027999999999999,8.97,8.96,8.883,8.922,8.912,8.863,8.844,8.834,8.805,8.892000000000001,8.931000000000001,8.922,8.922,8.902000000000001,8.873,8.844,8.844,8.805,8.825,8.776
8.97,8.96,8.883,8.922,8.912,8.863,8.844,8.834,8.805,8.892000000000001,8.931000000000001,8.922,8.922,8.902000000000001,8.873,8.844,8.844,8.805,8.825,8.776,8.64
8.96,8.883,8.922,8.912,8.863,8.844,8.834,8.805,8.892000000000001,8.931000000000001,8.922,8.922,8.902000000000001,8.873,8.844,8.844,8.805,8.825,8.776,8.64,8.65
8.883,8.922,8.912,8.863,8.844,8.834,8.805,8.892000000000001,8.931000000000001,8.922,8.922,8.902000000000001,8.873,8.844,8.844,8.805,8.825,8.776,8.64,8.65,8.699
8.922,8.912,8.863,8.844,8.834,8.805,8.892000000000001,8.931000000000001,8.922,8.922,8.902000000000001,8.873,8.844,8.844,8.805,8.825,8.776,8.64,8.65,8.699,8.66
8.912,8.863,8.844,8.834,8.805,8.892000000000001,8.931000000000001,8.922,8.922,8.902000000000001,8.873,8.844,8.844,8.805,8.825,8.776,8.64,8.65,8.699,8.66,8.728
8.863,8.844,8.834,8.805,8.892000000000001,8.931000000000001,8.922,8.922,8.902000000000001,8.873,8.844,8.844,8.805,8.825,8.776,8.64,8.65,8.699,8.66,8.728,8.718
8.844,8.834,8.805,8.892000000000001,8.931000000000001,8.922,8.922,8.902000000000001,8.873,8.844,8.844,8.805,8.825,8.776,8.64,8.65,8.699,8.66,8.728,8.718,8.699
8.834,8.805,8.892000000000001,8.931000000000001,8.922,8.922,8.902000000000001,8.873,8.844,8.844,8.805,8.825,8.776,8.64,8.65,8.699,8.66,8.728,8.718,8.699,8.718
8.805,8.892000000000001,8.931000000000001,8.922,8.922,8.902000000000001,8.873,8.844,8.844,8.805,8.825,8.776,8.64,8.65,8.699,8.66,8.728,8.718,8.699,8.718,8.669
8.892000000000001,8.931000000000001,8.922,8.922,8.902000000000001,8.873,8.844,8.844,8.805,8.825,8.776,8.64,8.65,8.699,8.66,8.728,8.718,8.699,8.718,8.669,8.64
8.931000000000001,8.922,8.922,8.902000000000001,8.873,8.844,8.844,8.805,8.825,8.776,8.64,8.65,8.699,8.66,8.728,8.718,8.699,8.718,8.669,8.64,8.476
8.922,8.922,8.902000000000001,8.873,8.844,8.844,8.805,8.825,8.776,8.64,8.65,8.699,8.66,8.728,8.718,8.699,8.718,8.669,8.64,8.476,8.369
8.922,8.902000000000001,8.873,8.844,8.844,8.805,8.825,8.776,8.64,8.65,8.699,8.66,8.728,8.718,8.699,8.718,8.669,8.64,8.476,8.369,8.311
8.902000000000001,8.873,8.844,8.844,8.805,8.825,8.776,8.64,8.65,8.699,8.66,8.728,8.718,8.699,8.718,8.669,8.64,8.476,8.369,8.311,8.379
8.873,8.844,8.844,8.805,8.825,8.776,8.64,8.65,8.699,8.66,8.728,8.718,8.699,8.718,8.669,8.64,8.476,8.369,8.311,8.379,8.408
8.844,8.844,8.805,8.825,8.776,8.64,8.65,8.699,8.66,8.728,8.718,8.699,8.718,8.669,8.64,8.476,8.369,8.311,8.379,8.408,8.437000000000001
8.844,8.805,8.825,8.776,8.64,8.65,8.699,8.66,8.728,8.718,8.699,8.718,8.669,8.64,8.476,8.369,8.311,8.379,8.408,8.437000000000001,8.631
8.805,8.825,8.776,8.64,8.65,8.699,8.66,8.728,8.718,8.699,8.718,8.669,8.64,8.476,8.369,8.311,8.379,8.408,8.437000000000001,8.631,8.592
8.825,8.776,8.64,8.65,8.699,8.66,8.728,8.718,8.699,8.718,8.669,8.64,8.476,8.369,8.311,8.379,8.408,8.437000000000001,8.631,8.592,8.572000000000001
8.776,8.64,8.65,8.699,8.66,8.728,8.718,8.699,8.718,8.669,8.64,8.476,8.369,8.311,8.379,8.408,8.437000000000001,8.631,8.592,8.572000000000001,8.505
8.64,8.65,8.699,8.66,8.728,8.718,8.699,8.718,8.669,8.64,8.476,8.369,8.311,8.379,8.408,8.437000000000001,8.631,8.592,8.572000000000001,8.505,8.466000000000001
8.65,8.699,8.66,8.728,8.718,8.699,8.718,8.669,8.64,8.476,8.369,8.311,8.379,8.408,8.437000000000001,8.631,8.592,8.572000000000001,8.505,8.466000000000001,8.427
8.699,8.66,8.728,8.718,8.699,8.718,8.669,8.64,8.476,8.369,8.311,8.379,8.408,8.437000000000001,8.631,8.592,8.572000000000001,8.505,8.466000000000001,8.427,8.417
8.66,8.728,8.718,8.699,8.718,8.669,8.64,8.476,8.369,8.311,8.379,8.408,8.437000000000001,8.631,8.592,8.572000000000001,8.505,8.466000000000001,8.427,8.417,8.524
8.728,8.718,8.699,8.718,8.669,8.64,8.476,8.369,8.311,8.379,8.408,8.437000000000001,8.631,8.592,8.572000000000001,8.505,8.466000000000001,8.427,8.417,8.524,8.543
8.718,8.699,8.718,8.669,8.64,8.476,8.369,8.311,8.379,8.408,8.437000000000001,8.631,8.592,8.572000000000001,8.505,8.466000000000001,8.427,8.417,8.524,8.543,8.825
8.699,8.718,8.669,8.64,8.476,8.369,8.311,8.379,8.408,8.437000000000001,8.631,8.592,8.572000000000001,8.505,8.466000000000001,8.427,8.417,8.524,8.543,8.825,8.825
8.718,8.669,8.64,8.476,8.369,8.311,8.379,8.408,8.437000000000001,8.631,8.592,8.572000000000001,8.505,8.466000000000001,8.427,8.417,8.524,8.543,8.825,8.825,8.922
8.669,8.64,8.476,8.369,8.311,8.379,8.408,8.437000000000001,8.631,8.592,8.572000000000001,8.505,8.466000000000001,8.427,8.417,8.524,8.543,8.825,8.825,8.922,8.912
8.64,8.476,8.369,8.311,8.379,8.408,8.437000000000001,8.631,8.592,8.572000000000001,8.505,8.466000000000001,8.427,8.417,8.524,8.543,8.825,8.825,8.922,8.912,8.892000000000001
8.476,8.369,8.311,8.379,8.408,8.437000000000001,8.631,8.592,8.572000000000001,8.505,8.466000000000001,8.427,8.417,8.524,8.543,8.825,8.825,8.922,8.912,8.892000000000001,8.757
8.369,8.311,8.379,8.408,8.437000000000001,8.631,8.592,8.572000000000001,8.505,8.466000000000001,8.427,8.417,8.524,8.543,8.825,8.825,8.922,8.912,8.892000000000001,8.757,8.766
8.311,8.379,8.408,8.437000000000001,8.631,8.592,8.572000000000001,8.505,8.466000000000001,8.427,8.417,8.524,8.543,8.825,8.825,8.922,8.912,8.892000000000001,8.757,8.766,8.854
8.379,8.408,8.437000000000001,8.631,8.592,8.572000000000001,8.505,8.466000000000001,8.427,8.417,8.524,8.543,8.825,8.825,8.922,8.912,8.892000000000001,8.757,8.766,8.854,8.854
8.408,8.437000000000001,8.631,8.592,8.572000000000001,8.505,8.466000000000001,8.427,8.417,8.524,8.543,8.825,8.825,8.922,8.912,8.892000000000001,8.757,8.766,8.854,8.854,8.873
8.437000000000001,8.631,8.592,8.572000000000001,8.505,8.466000000000001,8.427,8.417,8.524,8.543,8.825,8.825,8.922,8.912,8.892000000000001,8.757,8.766,8.854,8.854,8.873,8.834
8.631,8.592,8.572000000000001,8.505,8.466000000000001,8.427,8.417,8.524,8.543,8.825,8.825,8.922,8.912,8.892000000000001,8.757,8.766,8.854,8.854,8.873,8.834,8.844
8.592,8.572000000000001,8.505,8.466000000000001,8.427,8.417,8.524,8.543,8.825,8.825,8.922,8.912,8.892000000000001,8.757,8.766,8.854,8.854,8.873,8.834,8.844,8.805
8.572000000000001,8.505,8.466000000000001,8.427,8.417,8.524,8.543,8.825,8.825,8.922,8.912,8.892000000000001,8.757,8.766,8.854,8.854,8.873,8.834,8.844,8.805,8.766
8.505,8.466000000000001,8.427,8.417,8.524,8.543,8.825,8.825,8.922,8.912,8.892000000000001,8.757,8.766,8.854,8.854,8.873,8.834,8.844,8.805,8.766,8.747
8.466000000000001,8.427,8.417,8.524,8.543,8.825,8.825,8.922,8.912,8.892000000000001,8.757,8.766,8.854,8.854,8.873,8.834,8.844,8.805,8.766,8.747,8.854
8.427,8.417,8.524,8.543,8.825,8.825,8.922,8.912,8.892000000000001,8.757,8.766,8.854,8.854,8.873,8.834,8.844,8.805,8.766,8.747,8.854,8.844
8.417,8.524,8.543,8.825,8.825,8.922,8.912,8.892000000000001,8.757,8.766,8.854,8.854,8.873,8.834,8.844,8.805,8.766,8.747,8.854,8.844,8.873
8.524,8.543,8.825,8.825,8.922,8.912,8.892000000000001,8.757,8.766,8.854,8.854,8.873,8.834,8.844,8.805,8.766,8.747,8.854,8.844,8.873,8.97
8.543,8.825,8.825,8.922,8.912,8.892000000000001,8.757,8.766,8.854,8.854,8.873,8.834,8.844,8.805,8.766,8.747,8.854,8.844,8.873,8.97,8.97
8.825,8.825,8.922,8.912,8.892000000000001,8.757,8.766,8.854,8.854,8.873,8.834,8.844,8.805,8.766,8.747,8.854,8.844,8.873,8.97,8.97,9.019
8.825,8.922,8.912,8.892000000000001,8.757,8.766,8.854,8.854,8.873,8.834,8.844,8.805,8.766,8.747,8.854,8.844,8.873,8.97,8.97,9.019,9.077
8.922,8.912,8.892000000000001,8.757,8.766,8.854,8.854,8.873,8.834,8.844,8.805,8.766,8.747,8.854,8.844,8.873,8.97,8.97,9.019,9.077,9.145
8.912,8.892000000000001,8.757,8.766,8.854,8.854,8.873,8.834,8.844,8.805,8.766,8.747,8.854,8.844,8.873,8.97,8.97,9.019,9.077,9.145,9.145
8.892000000000001,8.757,8.766,8.854,8.854,8.873,8.834,8.844,8.805,8.766,8.747,8.854,8.844,8.873,8.97,8.97,9.019,9.077,9.145,9.145,9.106
8.757,8.766,8.854,8.854,8.873,8.834,8.844,8.805,8.766,8.747,8.854,8.844,8.873,8.97,8.97,9.019,9.077,9.145,9.145,9.106,9.116
8.766,8.854,8.854,8.873,8.834,8.844,8.805,8.766,8.747,8.854,8.844,8.873,8.97,8.97,9.019,9.077,9.145,9.145,9.106,9.116,9.057
8.854,8.854,8.873,8.834,8.844,8.805,8.766,8.747,8.854,8.844,8.873,8.97,8.97,9.019,9.077,9.145,9.145,9.106,9.116,9.057,9.086
8.854,8.873,8.834,8.844,8.805,8.766,8.747,8.854,8.844,8.873,8.97,8.97,9.019,9.077,9.145,9.145,9.106,9.116,9.057,9.086,9.116
8.873,8.834,8.844,8.805,8.766,8.747,8.854,8.844,8.873,8.97,8.97,9.019,9.077,9.145,9.145,9.106,9.116,9.057,9.086,9.116,9.183
8.834,8.844,8.805,8.766,8.747,8.854,8.844,8.873,8.97,8.97,9.019,9.077,9.145,9.145,9.106,9.116,9.057,9.086,9.116,9.183,9.3
8.844,8.805,8.766,8.747,8.854,8.844,8.873,8.97,8.97,9.019,9.077,9.145,9.145,9.106,9.116,9.057,9.086,9.116,9.183,9.3,9.94
8.805,8.766,8.747,8.854,8.844,8.873,8.97,8.97,9.019,9.077,9.145,9.145,9.106,9.116,9.057,9.086,9.116,9.183,9.3,9.94,10.027000000000001
8.766,8.747,8.854,8.844,8.873,8.97,8.97,9.019,9.077,9.145,9.145,9.106,9.116,9.057,9.086,9.116,9.183,9.3,9.94,10.027000000000001,10.57
8.747,8.854,8.844,8.873,8.97,8.97,9.019,9.077,9.145,9.145,9.106,9.116,9.057,9.086,9.116,9.183,9.3,9.94,10.027000000000001,10.57,10.57
8.854,8.844,8.873,8.97,8.97,9.019,9.077,9.145,9.145,9.106,9.116,9.057,9.086,9.116,9.183,9.3,9.94,10.027000000000001,10.57,10.57,10.482999999999999
8.844,8.873,8.97,8.97,9.019,9.077,9.145,9.145,9.106,9.116,9.057,9.086,9.116,9.183,9.3,9.94,10.027000000000001,10.57,10.57,10.482999999999999,10.716
8.873,8.97,8.97,9.019,9.077,9.145,9.145,9.106,9.116,9.057,9.086,9.116,9.183,9.3,9.94,10.027000000000001,10.57,10.57,10.482999999999999,10.716,10.754000000000001
8.97,8.97,9.019,9.077,9.145,9.145,9.106,9.116,9.057,9.086,9.116,9.183,9.3,9.94,10.027000000000001,10.57,10.57,10.482999999999999,10.716,10.754000000000001,10.638
8.97,9.019,9.077,9.145,9.145,9.106,9.116,9.057,9.086,9.116,9.183,9.3,9.94,10.027000000000001,10.57,10.57,10.482999999999999,10.716,10.754000000000001,10.638,10.717
9.019,9.077,9.145,9.145,9.106,9.116,9.057,9.086,9.116,9.183,9.3,9.94,10.027000000000001,10.57,10.57,10.482999999999999,10.716,10.754000000000001,10.638,10.717,10.776
9.077,9.145,9.145,9.106,9.116,9.057,9.086,9.116,9.183,9.3,9.94,10.027000000000001,10.57,10.57,10.482999999999999,10.716,10.754000000000001,10.638,10.717,10.776,10.825
9.145,9.145,9.106,9.116,9.057,9.086,9.116,9.183,9.3,9.94,10.027000000000001,10.57,10.57,10.482999999999999,10.716,10.754000000000001,10.638,10.717,10.776,10.825,10.569
9.145,9.106,9.116,9.057,9.086,9.116,9.183,9.3,9.94,10.027000000000001,10.57,10.57,10.482999999999999,10.716,10.754000000000001,10.638,10.717,10.776,10.825,10.569,10.422
9.106,9.116,9.057,9.086,9.116,9.183,9.3,9.94,10.027000000000001,10.57,10.57,10.482999999999999,10.716,10.754000000000001,10.638,10.717,10.776,10.825,10.569,10.422,10.569
9.116,9.057,9.086,9.116,9.183,9.3,9.94,10.027000000000001,10.57,10.57,10.482999999999999,10.716,10.754000000000001,10.638,10.717,10.776,10.825,10.569,10.422,10.569,10.5
9.057,9.086,9.116,9.183,9.3,9.94,10.027000000000001,10.57,10.57,10.482999999999999,10.716,10.754000000000001,10.638,10.717,10.776,10.825,10.569,10.422,10.569,10.5,10.865
9.086,9.116,9.183,9.3,9.94,10.027000000000001,10.57,10.57,10.482999999999999,10.716,10.754000000000001,10.638,10.717,10.776,10.825,10.569,10.422,10.569,10.5,10.865,10.972999999999999
9.116,9.183,9.3,9.94,10.027000000000001,10.57,10.57,10.482999999999999,10.716,10.754000000000001,10.638,10.717,10.776,10.825,10.569,10.422,10.569,10.5,10.865,10.972999999999999,10.835
9.183,9.3,9.94,10.027000000000001,10.57,10.57,10.482999999999999,10.716,10.754000000000001,10.638,10.717,10.776,10.825,10.569,10.422,10.569,10.5,10.865,10.972999999999999,10.835,10.992
9.3,9.94,10.027000000000001,10.57,10.57,10.482999999999999,10.716,10.754000000000001,10.638,10.717,10.776,10.825,10.569,10.422,10.569,10.5,10.865,10.972999999999999,10.835,10.992,10.825
9.94,10.027000000000001,10.57,10.57,10.482999999999999,10.716,10.754000000000001,10.638,10.717,10.776,10.825,10.569,10.422,10.569,10.5,10.865,10.972999999999999,10.835,10.992,10.825,10.874
10.027000000000001,10.57,10.57,10.482999999999999,10.716,10.754000000000001,10.638,10.717,10.776,10.825,10.569,10.422,10.569,10.5,10.865,10.972999999999999,10.835,10.992,10.825,10.874,10.559000000000001
10.57,10.57,10.482999999999999,10.716,10.754000000000001,10.638,10.717,10.776,10.825,10.569,10.422,10.569,10.5,10.865,10.972999999999999,10.835,10.992,10.825,10.874,10.559000000000001,10.450999999999999
10.57,10.482999999999999,10.716,10.754000000000001,10.638,10.717,10.776,10.825,10.569,10.422,10.569,10.5,10.865,10.972999999999999,10.835,10.992,10.825,10.874,10.559000000000001,10.450999999999999,9.861
10.482999999999999,10.716,10.754000000000001,10.638,10.717,10.776,10.825,10.569,10.422,10.569,10.5,10.865,10.972999999999999,10.835,10.992,10.825,10.874,10.559000000000001,10.450999999999999,9.861,10.058
10.716,10.754000000000001,10.638,10.717,10.776,10.825,10.569,10.422,10.569,10.5,10.865,10.972999999999999,10.835,10.992,10.825,10.874,10.559000000000001,10.450999999999999,9.861,10.058,10.146
10.754000000000001,10.638,10.717,10.776,10.825,10.569,10.422,10.569,10.5,10.865,10.972999999999999,10.835,10.992,10.825,10.874,10.559000000000001,10.450999999999999,9.861,10.058,10.146,10.176
10.638,10.717,10.776,10.825,10.569,10.422,10.569,10.5,10.865,10.972999999999999,10.835,10.992,10.825,10.874,10.559000000000001,10.450999999999999,9.861,10.058,10.146,10.176,10.254000000000001
10.717,10.776,10.825,10.569,10.422,10.569,10.5,10.865,10.972999999999999,10.835,10.992,10.825,10.874,10.559000000000001,10.450999999999999,9.861,10.058,10.146,10.176,10.254000000000001,10.274000000000001
10.776,10.825,10.569,10.422,10.569,10.5,10.865,10.972999999999999,10.835,10.992,10.825,10.874,10.559000000000001,10.450999999999999,9.861,10.058,10.146,10.176,10.254000000000001,10.274000000000001,10.294
10.825,10.569,10.422,10.569,10.5,10.865,10.972999999999999,10.835,10.992,10.825,10.874,10.559000000000001,10.450999999999999,9.861,10.058,10.146,10.176,10.254000000000001,10.274000000000001,10.294,10.481
10.569,10.422,10.569,10.5,10.865,10.972999999999999,10.835,10.992,10.825,10.874,10.559000000000001,10.450999999999999,9.861,10.058,10.146,10.176,10.254000000000001,10.274000000000001,10.294,10.481,10.727
10.422,10.569,10.5,10.865,10.972999999999999,10.835,10.992,10.825,10.874,10.559000000000001,10.450999999999999,9.861,10.058,10.146,10.176,10.254000000000001,10.274000000000001,10.294,10.481,10.727,10.755999999999998
10.569,10.5,10.865,10.972999999999999,10.835,10.992,10.825,10.874,10.559000000000001,10.450999999999999,9.861,10.058,10.146,10.176,10.254000000000001,10.274000000000001,10.294,10.481,10.727,10.755999999999998,10.933
10.5,10.865,10.972999999999999,10.835,10.992,10.825,10.874,10.559000000000001,10.450999999999999,9.861,10.058,10.146,10.176,10.254000000000001,10.274000000000001,10.294,10.481,10.727,10.755999999999998,10.933,11.17
10.865,10.972999999999999,10.835,10.992,10.825,10.874,10.559000000000001,10.450999999999999,9.861,10.058,10.146,10.176,10.254000000000001,10.274000000000001,10.294,10.481,10.727,10.755999999999998,10.933,11.17,11.484000000000002
10.972999999999999,10.835,10.992,10.825,10.874,10.559000000000001,10.450999999999999,9.861,10.058,10.146,10.176,10.254000000000001,10.274000000000001,10.294,10.481,10.727,10.755999999999998,10.933,11.17,11.484000000000002,11.248
10.835,10.992,10.825,10.874,10.559000000000001,10.450999999999999,9.861,10.058,10.146,10.176,10.254000000000001,10.274000000000001,10.294,10.481,10.727,10.755999999999998,10.933,11.17,11.484000000000002,11.248,11.100999999999999
10.992,10.825,10.874,10.559000000000001,10.450999999999999,9.861,10.058,10.146,10.176,10.254000000000001,10.274000000000001,10.294,10.481,10.727,10.755999999999998,10.933,11.17,11.484000000000002,11.248,11.100999999999999,11.032
10.825,10.874,10.559000000000001,10.450999999999999,9.861,10.058,10.146,10.176,10.254000000000001,10.274000000000001,10.294,10.481,10.727,10.755999999999998,10.933,11.17,11.484000000000002,11.248,11.100999999999999,11.032,11.534
10.874,10.559000000000001,10.450999999999999,9.861,10.058,10.146,10.176,10.254000000000001,10.274000000000001,10.294,10.481,10.727,10.755999999999998,10.933,11.17,11.484000000000002,11.248,11.100999999999999,11.032,11.534,11.455
10.559000000000001,10.450999999999999,9.861,10.058,10.146,10.176,10.254000000000001,10.274000000000001,10.294,10.481,10.727,10.755999999999998,10.933,11.17,11.484000000000002,11.248,11.100999999999999,11.032,11.534,11.455,11.514000000000001
10.450999999999999,9.861,10.058,10.146,10.176,10.254000000000001,10.274000000000001,10.294,10.481,10.727,10.755999999999998,10.933,11.17,11.484000000000002,11.248,11.100999999999999,11.032,11.534,11.455,11.514000000000001,11.258
9.861,10.058,10.146,10.176,10.254000000000001,10.274000000000001,10.294,10.481,10.727,10.755999999999998,10.933,11.17,11.484000000000002,11.248,11.100999999999999,11.032,11.534,11.455,11.514000000000001,11.258,11.307
10.058,10.146,10.176,10.254000000000001,10.274000000000001,10.294,10.481,10.727,10.755999999999998,10.933,11.17,11.484000000000002,11.248,11.100999999999999,11.032,11.534,11.455,11.514000000000001,11.258,11.307,11.199000000000002
10.146,10.176,10.254000000000001,10.274000000000001,10.294,10.481,10.727,10.755999999999998,10.933,11.17,11.484000000000002,11.248,11.100999999999999,11.032,11.534,11.455,11.514000000000001,11.258,11.307,11.199000000000002,11.357000000000001
10.176,10.254000000000001,10.274000000000001,10.294,10.481,10.727,10.755999999999998,10.933,11.17,11.484000000000002,11.248,11.100999999999999,11.032,11.534,11.455,11.514000000000001,11.258,11.307,11.199000000000002,11.357000000000001,11.248
10.254000000000001,10.274000000000001,10.294,10.481,10.727,10.755999999999998,10.933,11.17,11.484000000000002,11.248,11.100999999999999,11.032,11.534,11.455,11.514000000000001,11.258,11.307,11.199000000000002,11.357000000000001,11.248,11.14
10.274000000000001,10.294,10.481,10.727,10.755999999999998,10.933,11.17,11.484000000000002,11.248,11.100999999999999,11.032,11.534,11.455,11.514000000000001,11.258,11.307,11.199000000000002,11.357000000000001,11.248,11.14,11.110999999999999
10.294,10.481,10.727,10.755999999999998,10.933,11.17,11.484000000000002,11.248,11.100999999999999,11.032,11.534,11.455,11.514000000000001,11.258,11.307,11.199000000000002,11.357000000000001,11.248,11.14,11.110999999999999,11.071
10.481,10.727,10.755999999999998,10.933,11.17,11.484000000000002,11.248,11.100999999999999,11.032,11.534,11.455,11.514000000000001,11.258,11.307,11.199000000000002,11.357000000000001,11.248,11.14,11.110999999999999,11.071,10.953
10.727,10.755999999999998,10.933,11.17,11.484000000000002,11.248,11.100999999999999,11.032,11.534,11.455,11.514000000000001,11.258,11.307,11.199000000000002,11.357000000000001,11.248,11.14,11.110999999999999,11.071,10.953,11.110999999999999
10.755999999999998,10.933,11.17,11.484000000000002,11.248,11.100999999999999,11.032,11.534,11.455,11.514000000000001,11.258,11.307,11.199000000000002,11.357000000000001,11.248,11.14,11.110999999999999,11.071,10.953,11.110999999999999,11.277999999999999
10.933,11.17,11.484000000000002,11.248,11.100999999999999,11.032,11.534,11.455,11.514000000000001,11.258,11.307,11.199000000000002,11.357000000000001,11.248,11.14,11.110999999999999,11.071,10.953,11.110999999999999,11.277999999999999,11.258
11.17,11.484000000000002,11.248,11.100999999999999,11.032,11.534,11.455,11.514000000000001,11.258,11.307,11.199000000000002,11.357000000000001,11.248,11.14,11.110999999999999,11.071,10.953,11.110999999999999,11.277999999999999,11.258,11.110999999999999
11.484000000000002,11.248,11.100999999999999,11.032,11.534,11.455,11.514000000000001,11.258,11.307,11.199000000000002,11.357000000000001,11.248,11.14,11.110999999999999,11.071,10.953,11.110999999999999,11.277999999999999,11.258,11.110999999999999,10.874
11.248,11.100999999999999,11.032,11.534,11.455,11.514000000000001,11.258,11.307,11.199000000000002,11.357000000000001,11.248,11.14,11.110999999999999,11.071,10.953,11.110999999999999,11.277999999999999,11.258,11.110999999999999,10.874,10.755999999999998
11.100999999999999,11.032,11.534,11.455,11.514000000000001,11.258,11.307,11.199000000000002,11.357000000000001,11.248,11.14,11.110999999999999,11.071,10.953,11.110999999999999,11.277999999999999,11.258,11.110999999999999,10.874,10.755999999999998,10.707
11.032,11.534,11.455,11.514000000000001,11.258,11.307,11.199000000000002,11.357000000000001,11.248,11.14,11.110999999999999,11.071,10.953,11.110999999999999,11.277999999999999,11.258,11.110999999999999,10.874,10.755999999999998,10.707,10.933
11.534,11.455,11.514000000000001,11.258,11.307,11.199000000000002,11.357000000000001,11.248,11.14,11.110999999999999,11.071,10.953,11.110999999999999,11.277999999999999,11.258,11.110999999999999,10.874,10.755999999999998,10.707,10.933,11.12
11.455,11.514000000000001,11.258,11.307,11.199000000000002,11.357000000000001,11.248,11.14,11.110999999999999,11.071,10.953,11.110999999999999,11.277999999999999,11.258,11.110999999999999,10.874,10.755999999999998,10.707,10.933,11.12,11.288
11.514000000000001,11.258,11.307,11.199000000000002,11.357000000000001,11.248,11.14,11.110999999999999,11.071,10.953,11.110999999999999,11.277999999999999,11.258,11.110999999999999,10.874,10.755999999999998,10.707,10.933,11.12,11.288,11.347000000000001
11.258,11.307,11.199000000000002,11.357000000000001,11.248,11.14,11.110999999999999,11.071,10.953,11.110999999999999,11.277999999999999,11.258,11.110999999999999,10.874,10.755999999999998,10.707,10.933,11.12,11.288,11.347000000000001,11.366
11.307,11.199000000000002,11.357000000000001,11.248,11.14,11.110999999999999,11.071,10.953,11.110999999999999,11.277999999999999,11.258,11.110999999999999,10.874,10.755999999999998,10.707,10.933,11.12,11.288,11.347000000000001,11.366,11.179
11.199000000000002,11.357000000000001,11.248,11.14,11.110999999999999,11.071,10.953,11.110999999999999,11.277999999999999,11.258,11.110999999999999,10.874,10.755999999999998,10.707,10.933,11.12,11.288,11.347000000000001,11.366,11.179,11.405999999999999
11.357000000000001,11.248,11.14,11.110999999999999,11.071,10.953,11.110999999999999,11.277999999999999,11.258,11.110999999999999,10.874,10.755999999999998,10.707,10.933,11.12,11.288,11.347000000000001,11.366,11.179,11.405999999999999,11.327
11.248,11.14,11.110999999999999,11.071,10.953,11.110999999999999,11.277999999999999,11.258,11.110999999999999,10.874,10.755999999999998,10.707,10.933,11.12,11.288,11.347000000000001,11.366,11.179,11.405999999999999,11.327,11.504000000000001
11.14,11.110999999999999,11.071,10.953,11.110999999999999,11.277999999999999,11.258,11.110999999999999,10.874,10.755999999999998,10.707,10.933,11.12,11.288,11.347000000000001,11.366,11.179,11.405999999999999,11.327,11.504000000000001,11.445
11.110999999999999,11.071,10.953,11.110999999999999,11.277999999999999,11.258,11.110999999999999,10.874,10.755999999999998,10.707,10.933,11.12,11.288,11.347000000000001,11.366,11.179,11.405999999999999,11.327,11.504000000000001,11.445,11.298
11.071,10.953,11.110999999999999,11.277999999999999,11.258,11.110999999999999,10.874,10.755999999999998,10.707,10.933,11.12,11.288,11.347000000000001,11.366,11.179,11.405999999999999,11.327,11.504000000000001,11.445,11.298,11.012
10.953,11.110999999999999,11.277999999999999,11.258,11.110999999999999,10.874,10.755999999999998,10.707,10.933,11.12,11.288,11.347000000000001,11.366,11.179,11.405999999999999,11.327,11.504000000000001,11.445,11.298,11.012,11.209000000000001
11.110999999999999,11.277999999999999,11.258,11.110999999999999,10.874,10.755999999999998,10.707,10.933,11.12,11.288,11.347000000000001,11.366,11.179,11.405999999999999,11.327,11.504000000000001,11.445,11.298,11.012,11.209000000000001,11.091
11.277999999999999,11.258,11.110999999999999,10.874,10.755999999999998,10.707,10.933,11.12,11.288,11.347000000000001,11.366,11.179,11.405999999999999,11.327,11.504000000000001,11.445,11.298,11.012,11.209000000000001,11.091,11.002
11.258,11.110999999999999,10.874,10.755999999999998,10.707,10.933,11.12,11.288,11.347000000000001,11.366,11.179,11.405999999999999,11.327,11.504000000000001,11.445,11.298,11.012,11.209000000000001,11.091,11.002,11.376
11.110999999999999,10.874,10.755999999999998,10.707,10.933,11.12,11.288,11.347000000000001,11.366,11.179,11.405999999999999,11.327,11.504000000000001,11.445,11.298,11.012,11.209000000000001,11.091,11.002,11.376,11.376
10.874,10.755999999999998,10.707,10.933,11.12,11.288,11.347000000000001,11.366,11.179,11.405999999999999,11.327,11.504000000000001,11.445,11.298,11.012,11.209000000000001,11.091,11.002,11.376,11.376,11.357000000000001
10.755999999999998,10.707,10.933,11.12,11.288,11.347000000000001,11.366,11.179,11.405999999999999,11.327,11.504000000000001,11.445,11.298,11.012,11.209000000000001,11.091,11.002,11.376,11.376,11.357000000000001,11.219000000000001
10.707,10.933,11.12,11.288,11.347000000000001,11.366,11.179,11.405999999999999,11.327,11.504000000000001,11.445,11.298,11.012,11.209000000000001,11.091,11.002,11.376,11.376,11.357000000000001,11.219000000000001,11.357000000000001
10.933,11.12,11.288,11.347000000000001,11.366,11.179,11.405999999999999,11.327,11.504000000000001,11.445,11.298,11.012,11.209000000000001,11.091,11.002,11.376,11.376,11.357000000000001,11.219000000000001,11.357000000000001,11.209000000000001
11.12,11.288,11.347000000000001,11.366,11.179,11.405999999999999,11.327,11.504000000000001,11.445,11.298,11.012,11.209000000000001,11.091,11.002,11.376,11.376,11.357000000000001,11.219000000000001,11.357000000000001,11.209000000000001,11.100999999999999
11.288,11.347000000000001,11.366,11.179,11.405999999999999,11.327,11.504000000000001,11.445,11.298,11.012,11.209000000000001,11.091,11.002,11.376,11.376,11.357000000000001,11.219000000000001,11.357000000000001,11.209000000000001,11.100999999999999,11.731
11.347000000000001,11.366,11.179,11.405999999999999,11.327,11.504000000000001,11.445,11.298,11.012,11.209000000000001,11.091,11.002,11.376,11.376,11.357000000000001,11.219000000000001,11.357000000000001,11.209000000000001,11.100999999999999,11.731,11.937000000000001
11.366,11.179,11.405999999999999,11.327,11.504000000000001,11.445,11.298,11.012,11.209000000000001,11.091,11.002,11.376,11.376,11.357000000000001,11.219000000000001,11.357000000000001,11.209000000000001,11.100999999999999,11.731,11.937000000000001,12.134
11.179,11.405999999999999,11.327,11.504000000000001,11.445,11.298,11.012,11.209000000000001,11.091,11.002,11.376,11.376,11.357000000000001,11.219000000000001,11.357000000000001,11.209000000000001,11.100999999999999,11.731,11.937000000000001,12.134,12.104000000000001
11.405999999999999,11.327,11.504000000000001,11.445,11.298,11.012,11.209000000000001,11.091,11.002,11.376,11.376,11.357000000000001,11.219000000000001,11.357000000000001,11.209000000000001,11.100999999999999,11.731,11.937000000000001,12.134,12.104000000000001,12.695
11.327,11.504000000000001,11.445,11.298,11.012,11.209000000000001,11.091,11.002,11.376,11.376,11.357000000000001,11.219000000000001,11.357000000000001,11.209000000000001,11.100999999999999,11.731,11.937000000000001,12.134,12.104000000000001,12.695,12.744000000000002
11.504000000000001,11.445,11.298,11.012,11.209000000000001,11.091,11.002,11.376,11.376,11.357000000000001,11.219000000000001,11.357000000000001,11.209000000000001,11.100999999999999,11.731,11.937000000000001,12.134,12.104000000000001,12.695,12.744000000000002,12.695
11.445,11.298,11.012,11.209000000000001,11.091,11.002,11.376,11.376,11.357000000000001,11.219000000000001,11.357000000000001,11.209000000000001,11.100999999999999,11.731,11.937000000000001,12.134,12.104000000000001,12.695,12.744000000000002,12.695,12.892000000000001
11.298,11.012,11.209000000000001,11.091,11.002,11.376,11.376,11.357000000000001,11.219000000000001,11.357000000000001,11.209000000000001,11.100999999999999,11.731,11.937000000000001,12.134,12.104000000000001,12.695,12.744000000000002,12.695,12.892000000000001,12.97
11.012,11.209000000000001,11.091,11.002,11.376,11.376,11.357000000000001,11.219000000000001,11.357000000000001,11.209000000000001,11.100999999999999,11.731,11.937000000000001,12.134,12.104000000000001,12.695,12.744000000000002,12.695,12.892000000000001,12.97,14.023
11.209000000000001,11.091,11.002,11.376,11.376,11.357000000000001,11.219000000000001,11.357000000000001,11.209000000000001,11.100999999999999,11.731,11.937000000000001,12.134,12.104000000000001,12.695,12.744000000000002,12.695,12.892000000000001,12.97,14.023,14.22
11.091,11.002,11.376,11.376,11.357000000000001,11.219000000000001,11.357000000000001,11.209000000000001,11.100999999999999,11.731,11.937000000000001,12.134,12.104000000000001,12.695,12.744000000000002,12.695,12.892000000000001,12.97,14.023,14.22,14.86
11.002,11.376,11.376,11.357000000000001,11.219000000000001,11.357000000000001,11.209000000000001,11.100999999999999,11.731,11.937000000000001,12.134,12.104000000000001,12.695,12.744000000000002,12.695,12.892000000000001,12.97,14.023,14.22,14.86,14.122
11.376,11.376,11.357000000000001,11.219000000000001,11.357000000000001,11.209000000000001,11.100999999999999,11.731,11.937000000000001,12.134,12.104000000000001,12.695,12.744000000000002,12.695,12.892000000000001,12.97,14.023,14.22,14.86,14.122,14.329
11.376,11.357000000000001,11.219000000000001,11.357000000000001,11.209000000000001,11.100999999999999,11.731,11.937000000000001,12.134,12.104000000000001,12.695,12.744000000000002,12.695,12.892000000000001,12.97,14.023,14.22,14.86,14.122,14.329,13.709000000000001
11.357000000000001,11.219000000000001,11.357000000000001,11.209000000000001,11.100999999999999,11.731,11.937000000000001,12.134,12.104000000000001,12.695,12.744000000000002,12.695,12.892000000000001,12.97,14.023,14.22,14.86,14.122,14.329,13.709000000000001,13.482000000000001
11.219000000000001,11.357000000000001,11.209000000000001,11.100999999999999,11.731,11.937000000000001,12.134,12.104000000000001,12.695,12.744000000000002,12.695,12.892000000000001,12.97,14.023,14.22,14.86,14.122,14.329,13.709000000000001,13.482000000000001,13.6
11.357000000000001,11.209000000000001,11.100999999999999,11.731,11.937000000000001,12.134,12.104000000000001,12.695,12.744000000000002,12.695,12.892000000000001,12.97,14.023,14.22,14.86,14.122,14.329,13.709000000000001,13.482000000000001,13.6,13.167
11.209000000000001,11.100999999999999,11.731,11.937000000000001,12.134,12.104000000000001,12.695,12.744000000000002,12.695,12.892000000000001,12.97,14.023,14.22,14.86,14.122,14.329,13.709000000000001,13.482000000000001,13.6,13.167,12.793
11.100999999999999,11.731,11.937000000000001,12.134,12.104000000000001,12.695,12.744000000000002,12.695,12.892000000000001,12.97,14.023,14.22,14.86,14.122,14.329,13.709000000000001,13.482000000000001,13.6,13.167,12.793,13.089
11.731,11.937000000000001,12.134,12.104000000000001,12.695,12.744000000000002,12.695,12.892000000000001,12.97,14.023,14.22,14.86,14.122,14.329,13.709000000000001,13.482000000000001,13.6,13.167,12.793,13.089,13.089
11.937000000000001,12.134,12.104000000000001,12.695,12.744000000000002,12.695,12.892000000000001,12.97,14.023,14.22,14.86,14.122,14.329,13.709000000000001,13.482000000000001,13.6,13.167,12.793,13.089,13.089,12.872
12.134,12.104000000000001,12.695,12.744000000000002,12.695,12.892000000000001,12.97,14.023,14.22,14.86,14.122,14.329,13.709000000000001,13.482000000000001,13.6,13.167,12.793,13.089,13.089,12.872,12.626
12.104000000000001,12.695,12.744000000000002,12.695,12.892000000000001,12.97,14.023,14.22,14.86,14.122,14.329,13.709000000000001,13.482000000000001,13.6,13.167,12.793,13.089,13.089,12.872,12.626,12.882
12.695,12.744000000000002,12.695,12.892000000000001,12.97,14.023,14.22,14.86,14.122,14.329,13.709000000000001,13.482000000000001,13.6,13.167,12.793,13.089,13.089,12.872,12.626,12.882,13.285
12.744000000000002,12.695,12.892000000000001,12.97,14.023,14.22,14.86,14.122,14.329,13.709000000000001,13.482000000000001,13.6,13.167,12.793,13.089,13.089,12.872,12.626,12.882,13.285,12.812999999999999
12.695,12.892000000000001,12.97,14.023,14.22,14.86,14.122,14.329,13.709000000000001,13.482000000000001,13.6,13.167,12.793,13.089,13.089,12.872,12.626,12.882,13.285,12.812999999999999,12.921
12.892000000000001,12.97,14.023,14.22,14.86,14.122,14.329,13.709000000000001,13.482000000000001,13.6,13.167,12.793,13.089,13.089,12.872,12.626,12.882,13.285,12.812999999999999,12.921,12.793
12.97,14.023,14.22,14.86,14.122,14.329,13.709000000000001,13.482000000000001,13.6,13.167,12.793,13.089,13.089,12.872,12.626,12.882,13.285,12.812999999999999,12.921,12.793,12.517999999999999
14.023,14.22,14.86,14.122,14.329,13.709000000000001,13.482000000000001,13.6,13.167,12.793,13.089,13.089,12.872,12.626,12.882,13.285,12.812999999999999,12.921,12.793,12.517999999999999,12.547
14.22,14.86,14.122,14.329,13.709000000000001,13.482000000000001,13.6,13.167,12.793,13.089,13.089,12.872,12.626,12.882,13.285,12.812999999999999,12.921,12.793,12.517999999999999,12.547,13.069
14.86,14.122,14.329,13.709000000000001,13.482000000000001,13.6,13.167,12.793,13.089,13.089,12.872,12.626,12.882,13.285,12.812999999999999,12.921,12.793,12.517999999999999,12.547,13.069,13.049000000000001
14.122,14.329,13.709000000000001,13.482000000000001,13.6,13.167,12.793,13.089,13.089,12.872,12.626,12.882,13.285,12.812999999999999,12.921,12.793,12.517999999999999,12.547,13.069,13.049000000000001,13.325
14.329,13.709000000000001,13.482000000000001,13.6,13.167,12.793,13.089,13.089,12.872,12.626,12.882,13.285,12.812999999999999,12.921,12.793,12.517999999999999,12.547,13.069,13.049000000000001,13.325,13.305
13.709000000000001,13.482000000000001,13.6,13.167,12.793,13.089,13.089,12.872,12.626,12.882,13.285,12.812999999999999,12.921,12.793,12.517999999999999,12.547,13.069,13.049000000000001,13.325,13.305,13.039000000000001
13.482000000000001,13.6,13.167,12.793,13.089,13.089,12.872,12.626,12.882,13.285,12.812999999999999,12.921,12.793,12.517999999999999,12.547,13.069,13.049000000000001,13.325,13.305,13.039000000000001,13.443
13.6,13.167,12.793,13.089,13.089,12.872,12.626,12.882,13.285,12.812999999999999,12.921,12.793,12.517999999999999,12.547,13.069,13.049000000000001,13.325,13.305,13.039000000000001,13.443,13.079
13.167,12.793,13.089,13.089,12.872,12.626,12.882,13.285,12.812999999999999,12.921,12.793,12.517999999999999,12.547,13.069,13.049000000000001,13.325,13.305,13.039000000000001,13.443,13.079,13.0
12.793,13.089,13.089,12.872,12.626,12.882,13.285,12.812999999999999,12.921,12.793,12.517999999999999,12.547,13.069,13.049000000000001,13.325,13.305,13.039000000000001,13.443,13.079,13.0,13.089
13.089,13.089,12.872,12.626,12.882,13.285,12.812999999999999,12.921,12.793,12.517999999999999,12.547,13.069,13.049000000000001,13.325,13.305,13.039000000000001,13.443,13.079,13.0,13.089,13.482000000000001
13.089,12.872,12.626,12.882,13.285,12.812999999999999,12.921,12.793,12.517999999999999,12.547,13.069,13.049000000000001,13.325,13.305,13.039000000000001,13.443,13.079,13.0,13.089,13.482000000000001,13.118
12.872,12.626,12.882,13.285,12.812999999999999,12.921,12.793,12.517999999999999,12.547,13.069,13.049000000000001,13.325,13.305,13.039000000000001,13.443,13.079,13.0,13.089,13.482000000000001,13.118,13.039000000000001
12.626,12.882,13.285,12.812999999999999,12.921,12.793,12.517999999999999,12.547,13.069,13.049000000000001,13.325,13.305,13.039000000000001,13.443,13.079,13.0,13.089,13.482000000000001,13.118,13.039000000000001,13.089
12.882,13.285,12.812999999999999,12.921,12.793,12.517999999999999,12.547,13.069,13.049000000000001,13.325,13.305,13.039000000000001,13.443,13.079,13.0,13.089,13.482000000000001,13.118,13.039000000000001,13.089,12.754000000000001
13.285,12.812999999999999,12.921,12.793,12.517999999999999,12.547,13.069,13.049000000000001,13.325,13.305,13.039000000000001,13.443,13.079,13.0,13.089,13.482000000000001,13.118,13.039000000000001,13.089,12.754000000000001,12.872
12.812999999999999,12.921,12.793,12.517999999999999,12.547,13.069,13.049000000000001,13.325,13.305,13.039000000000001,13.443,13.079,13.0,13.089,13.482000000000001,13.118,13.039000000000001,13.089,12.754000000000001,12.872,13.255999999999998
12.921,12.793,12.517999999999999,12.547,13.069,13.049000000000001,13.325,13.305,13.039000000000001,13.443,13.079,13.0,13.089,13.482000000000001,13.118,13.039000000000001,13.089,12.754000000000001,12.872,13.255999999999998,13.187000000000001
12.793,12.517999999999999,12.547,13.069,13.049000000000001,13.325,13.305,13.039000000000001,13.443,13.079,13.0,13.089,13.482000000000001,13.118,13.039000000000001,13.089,12.754000000000001,12.872,13.255999999999998,13.187000000000001,13.335
12.517999999999999,12.547,13.069,13.049000000000001,13.325,13.305,13.039000000000001,13.443,13.079,13.0,13.089,13.482000000000001,13.118,13.039000000000001,13.089,12.754000000000001,12.872,13.255999999999998,13.187000000000001,13.335,13.974
12.547,13.069,13.049000000000001,13.325,13.305,13.039000000000001,13.443,13.079,13.0,13.089,13.482000000000001,13.118,13.039000000000001,13.089,12.754000000000001,12.872,13.255999999999998,13.187000000000001,13.335,13.974,13.974
13.069,13.049000000000001,13.325,13.305,13.039000000000001,13.443,13.079,13.0,13.089,13.482000000000001,13.118,13.039000000000001,13.089,12.754000000000001,12.872,13.255999999999998,13.187000000000001,13.335,13.974,13.974,14.004000000000001
13.049000000000001,13.325,13.305,13.039000000000001,13.443,13.079,13.0,13.089,13.482000000000001,13.118,13.039000000000001,13.089,12.754000000000001,12.872,13.255999999999998,13.187000000000001,13.335,13.974,13.974,14.004000000000001,14.485999999999999
13.325,13.305,13.039000000000001,13.443,13.079,13.0,13.089,13.482000000000001,13.118,13.039000000000001,13.089,12.754000000000001,12.872,13.255999999999998,13.187000000000001,13.335,13.974,13.974,14.004000000000001,14.485999999999999,14.565
13.305,13.039000000000001,13.443,13.079,13.0,13.089,13.482000000000001,13.118,13.039000000000001,13.089,12.754000000000001,12.872,13.255999999999998,13.187000000000001,13.335,13.974,13.974,14.004000000000001,14.485999999999999,14.565,14.21
13.039000000000001,13.443,13.079,13.0,13.089,13.482000000000001,13.118,13.039000000000001,13.089,12.754000000000001,12.872,13.255999999999998,13.187000000000001,13.335,13.974,13.974,14.004000000000001,14.485999999999999,14.565,14.21,14.417
13.443,13.079,13.0,13.089,13.482000000000001,13.118,13.039000000000001,13.089,12.754000000000001,12.872,13.255999999999998,13.187000000000001,13.335,13.974,13.974,14.004000000000001,14.485999999999999,14.565,14.21,14.417,14.407
13.079,13.0,13.089,13.482000000000001,13.118,13.039000000000001,13.089,12.754000000000001,12.872,13.255999999999998,13.187000000000001,13.335,13.974,13.974,14.004000000000001,14.485999999999999,14.565,14.21,14.417,14.407,13.974
13.0,13.089,13.482000000000001,13.118,13.039000000000001,13.089,12.754000000000001,12.872,13.255999999999998,13.187000000000001,13.335,13.974,13.974,14.004000000000001,14.485999999999999,14.565,14.21,14.417,14.407,13.974,13.827
13.089,13.482000000000001,13.118,13.039000000000001,13.089,12.754000000000001,12.872,13.255999999999998,13.187000000000001,13.335,13.974,13.974,14.004000000000001,14.485999999999999,14.565,14.21,14.417,14.407,13.974,13.827,13.522
13.482000000000001,13.118,13.039000000000001,13.089,12.754000000000001,12.872,13.255999999999998,13.187000000000001,13.335,13.974,13.974,14.004000000000001,14.485999999999999,14.565,14.21,14.417,14.407,13.974,13.827,13.522,13.433
13.118,13.039000000000001,13.089,12.754000000000001,12.872,13.255999999999998,13.187000000000001,13.335,13.974,13.974,14.004000000000001,14.485999999999999,14.565,14.21,14.417,14.407,13.974,13.827,13.522,13.433,13.827
13.039000000000001,13.089,12.754000000000001,12.872,13.255999999999998,13.187000000000001,13.335,13.974,13.974,14.004000000000001,14.485999999999999,14.565,14.21,14.417,14.407,13.974,13.827,13.522,13.433,13.827,13.807
13.089,12.754000000000001,12.872,13.255999999999998,13.187000000000001,13.335,13.974,13.974,14.004000000000001,14.485999999999999,14.565,14.21,14.417,14.407,13.974,13.827,13.522,13.433,13.827,13.807,13.827
12.754000000000001,12.872,13.255999999999998,13.187000000000001,13.335,13.974,13.974,14.004000000000001,14.485999999999999,14.565,14.21,14.417,14.407,13.974,13.827,13.522,13.433,13.827,13.807,13.827,14.319
12.872,13.255999999999998,13.187000000000001,13.335,13.974,13.974,14.004000000000001,14.485999999999999,14.565,14.21,14.417,14.407,13.974,13.827,13.522,13.433,13.827,13.807,13.827,14.319,13.777000000000001
13.255999999999998,13.187000000000001,13.335,13.974,13.974,14.004000000000001,14.485999999999999,14.565,14.21,14.417,14.407,13.974,13.827,13.522,13.433,13.827,13.807,13.827,14.319,13.777000000000001,12.715
13.187000000000001,13.335,13.974,13.974,14.004000000000001,14.485999999999999,14.565,14.21,14.417,14.407,13.974,13.827,13.522,13.433,13.827,13.807,13.827,14.319,13.777000000000001,12.715,12.341
13.335,13.974,13.974,14.004000000000001,14.485999999999999,14.565,14.21,14.417,14.407,13.974,13.827,13.522,13.433,13.827,13.807,13.827,14.319,13.777000000000001,12.715,12.341,11.504000000000001
13.974,13.974,14.004000000000001,14.485999999999999,14.565,14.21,14.417,14.407,13.974,13.827,13.522,13.433,13.827,13.807,13.827,14.319,13.777000000000001,12.715,12.341,11.504000000000001,11.534
13.974,14.004000000000001,14.485999999999999,14.565,14.21,14.417,14.407,13.974,13.827,13.522,13.433,13.827,13.807,13.827,14.319,13.777000000000001,12.715,12.341,11.504000000000001,11.534,11.75
14.004000000000001,14.485999999999999,14.565,14.21,14.417,14.407,13.974,13.827,13.522,13.433,13.827,13.807,13.827,14.319,13.777000000000001,12.715,12.341,11.504000000000001,11.534,11.75,11.809000000000001
14.485999999999999,14.565,14.21,14.417,14.407,13.974,13.827,13.522,13.433,13.827,13.807,13.827,14.319,13.777000000000001,12.715,12.341,11.504000000000001,11.534,11.75,11.809000000000001,12.262
14.565,14.21,14.417,14.407,13.974,13.827,13.522,13.433,13.827,13.807,13.827,14.319,13.777000000000001,12.715,12.341,11.504000000000001,11.534,11.75,11.809000000000001,12.262,12.41
14.21,14.417,14.407,13.974,13.827,13.522,13.433,13.827,13.807,13.827,14.319,13.777000000000001,12.715,12.341,11.504000000000001,11.534,11.75,11.809000000000001,12.262,12.41,12.429
14.417,14.407,13.974,13.827,13.522,13.433,13.827,13.807,13.827,14.319,13.777000000000001,12.715,12.341,11.504000000000001,11.534,11.75,11.809000000000001,12.262,12.41,12.429,12.085
14.407,13.974,13.827,13.522,13.433,13.827,13.807,13.827,14.319,13.777000000000001,12.715,12.341,11.504000000000001,11.534,11.75,11.809000000000001,12.262,12.41,12.429,12.085,11.857999999999999
13.974,13.827,13.522,13.433,13.827,13.807,13.827,14.319,13.777000000000001,12.715,12.341,11.504000000000001,11.534,11.75,11.809000000000001,12.262,12.41,12.429,12.085,11.857999999999999,11.849
13.827,13.522,13.433,13.827,13.807,13.827,14.319,13.777000000000001,12.715,12.341,11.504000000000001,11.534,11.75,11.809000000000001,12.262,12.41,12.429,12.085,11.857999999999999,11.849,11.76
13.522,13.433,13.827,13.807,13.827,14.319,13.777000000000001,12.715,12.341,11.504000000000001,11.534,11.75,11.809000000000001,12.262,12.41,12.429,12.085,11.857999999999999,11.849,11.76,11.671
13.433,13.827,13.807,13.827,14.319,13.777000000000001,12.715,12.341,11.504000000000001,11.534,11.75,11.809000000000001,12.262,12.41,12.429,12.085,11.857999999999999,11.849,11.76,11.671,11.908
13.827,13.807,13.827,14.319,13.777000000000001,12.715,12.341,11.504000000000001,11.534,11.75,11.809000000000001,12.262,12.41,12.429,12.085,11.857999999999999,11.849,11.76,11.671,11.908,11.857999999999999
13.807,13.827,14.319,13.777000000000001,12.715,12.341,11.504000000000001,11.534,11.75,11.809000000000001,12.262,12.41,12.429,12.085,11.857999999999999,11.849,11.76,11.671,11.908,11.857999999999999,11.918
13.827,14.319,13.777000000000001,12.715,12.341,11.504000000000001,11.534,11.75,11.809000000000001,12.262,12.41,12.429,12.085,11.857999999999999,11.849,11.76,11.671,11.908,11.857999999999999,11.918,11.898
14.319,13.777000000000001,12.715,12.341,11.504000000000001,11.534,11.75,11.809000000000001,12.262,12.41,12.429,12.085,11.857999999999999,11.849,11.76,11.671,11.908,11.857999999999999,11.918,11.898,11.839
13.777000000000001,12.715,12.341,11.504000000000001,11.534,11.75,11.809000000000001,12.262,12.41,12.429,12.085,11.857999999999999,11.849,11.76,11.671,11.908,11.857999999999999,11.918,11.898,11.839,11.829
12.715,12.341,11.504000000000001,11.534,11.75,11.809000000000001,12.262,12.41,12.429,12.085,11.857999999999999,11.849,11.76,11.671,11.908,11.857999999999999,11.918,11.898,11.839,11.829,11.731
12.341,11.504000000000001,11.534,11.75,11.809000000000001,12.262,12.41,12.429,12.085,11.857999999999999,11.849,11.76,11.671,11.908,11.857999999999999,11.918,11.898,11.839,11.829,11.731,11.524000000000001
11.504000000000001,11.534,11.75,11.809000000000001,12.262,12.41,12.429,12.085,11.857999999999999,11.849,11.76,11.671,11.908,11.857999999999999,11.918,11.898,11.839,11.829,11.731,11.524000000000001,11.455
11.534,11.75,11.809000000000001,12.262,12.41,12.429,12.085,11.857999999999999,11.849,11.76,11.671,11.908,11.857999999999999,11.918,11.898,11.839,11.829,11.731,11.524000000000001,11.455,11.642000000000001
11.75,11.809000000000001,12.262,12.41,12.429,12.085,11.857999999999999,11.849,11.76,11.671,11.908,11.857999999999999,11.918,11.898,11.839,11.829,11.731,11.524000000000001,11.455,11.642000000000001,11.632
11.809000000000001,12.262,12.41,12.429,12.085,11.857999999999999,11.849,11.76,11.671,11.908,11.857999999999999,11.918,11.898,11.839,11.829,11.731,11.524000000000001,11.455,11.642000000000001,11.632,11.710999999999999
12.262,12.41,12.429,12.085,11.857999999999999,11.849,11.76,11.671,11.908,11.857999999999999,11.918,11.898,11.839,11.829,11.731,11.524000000000001,11.455,11.642000000000001,11.632,11.710999999999999,11.475
12.41,12.429,12.085,11.857999999999999,11.849,11.76,11.671,11.908,11.857999999999999,11.918,11.898,11.839,11.829,11.731,11.524000000000001,11.455,11.642000000000001,11.632,11.710999999999999,11.475,11.16
12.429,12.085,11.857999999999999,11.849,11.76,11.671,11.908,11.857999999999999,11.918,11.898,11.839,11.829,11.731,11.524000000000001,11.455,11.642000000000001,11.632,11.710999999999999,11.475,11.16,10.755999999999998
12.085,11.857999999999999,11.849,11.76,11.671,11.908,11.857999999999999,11.918,11.898,11.839,11.829,11.731,11.524000000000001,11.455,11.642000000000001,11.632,11.710999999999999,11.475,11.16,10.755999999999998,10.765999999999998
11.857999999999999,11.849,11.76,11.671,11.908,11.857999999999999,11.918,11.898,11.839,11.829,11.731,11.524000000000001,11.455,11.642000000000001,11.632,11.710999999999999,11.475,11.16,10.755999999999998,10.765999999999998,10.717
11.849,11.76,11.671,11.908,11.857999999999999,11.918,11.898,11.839,11.829,11.731,11.524000000000001,11.455,11.642000000000001,11.632,11.710999999999999,11.475,11.16,10.755999999999998,10.765999999999998,10.717,10.874
11.76,11.671,11.908,11.857999999999999,11.918,11.898,11.839,11.829,11.731,11.524000000000001,11.455,11.642000000000001,11.632,11.710999999999999,11.475,11.16,10.755999999999998,10.765999999999998,10.717,10.874,10.727
11.671,11.908,11.857999999999999,11.918,11.898,11.839,11.829,11.731,11.524000000000001,11.455,11.642000000000001,11.632,11.710999999999999,11.475,11.16,10.755999999999998,10.765999999999998,10.717,10.874,10.727,10.54
11.908,11.857999999999999,11.918,11.898,11.839,11.829,11.731,11.524000000000001,11.455,11.642000000000001,11.632,11.710999999999999,11.475,11.16,10.755999999999998,10.765999999999998,10.717,10.874,10.727,10.54,10.392000000000001
11.857999999999999,11.918,11.898,11.839,11.829,11.731,11.524000000000001,11.455,11.642000000000001,11.632,11.710999999999999,11.475,11.16,10.755999999999998,10.765999999999998,10.717,10.874,10.727,10.54,10.392000000000001,10.697000000000001
11.918,11.898,11.839,11.829,11.731,11.524000000000001,11.455,11.642000000000001,11.632,11.710999999999999,11.475,11.16,10.755999999999998,10.765999999999998,10.717,10.874,10.727,10.54,10.392000000000001,10.697000000000001,10.845
11.898,11.839,11.829,11.731,11.524000000000001,11.455,11.642000000000001,11.632,11.710999999999999,11.475,11.16,10.755999999999998,10.765999999999998,10.717,10.874,10.727,10.54,10.392000000000001,10.697000000000001,10.845,11.238
11.839,11.829,11.731,11.524000000000001,11.455,11.642000000000001,11.632,11.710999999999999,11.475,11.16,10.755999999999998,10.765999999999998,10.717,10.874,10.727,10.54,10.392000000000001,10.697000000000001,10.845,11.238,11.642000000000001
11.829,11.731,11.524000000000001,11.455,11.642000000000001,11.632,11.710999999999999,11.475,11.16,10.755999999999998,10.765999999999998,10.717,10.874,10.727,10.54,10.392000000000001,10.697000000000001,10.845,11.238,11.642000000000001,11.337
11.731,11.524000000000001,11.455,11.642000000000001,11.632,11.710999999999999,11.475,11.16,10.755999999999998,10.765999999999998,10.717,10.874,10.727,10.54,10.392000000000001,10.697000000000001,10.845,11.238,11.642000000000001,11.337,11.386
11.524000000000001,11.455,11.642000000000001,11.632,11.710999999999999,11.475,11.16,10.755999999999998,10.765999999999998,10.717,10.874,10.727,10.54,10.392000000000001,10.697000000000001,10.845,11.238,11.642000000000001,11.337,11.386,10.924000000000001
11.455,11.642000000000001,11.632,11.710999999999999,11.475,11.16,10.755999999999998,10.765999999999998,10.717,10.874,10.727,10.54,10.392000000000001,10.697000000000001,10.845,11.238,11.642000000000001,11.337,11.386,10.924000000000001,11.032
11.642000000000001,11.632,11.710999999999999,11.475,11.16,10.755999999999998,10.765999999999998,10.717,10.874,10.727,10.54,10.392000000000001,10.697000000000001,10.845,11.238,11.642000000000001,11.337,11.386,10.924000000000001,11.032,11.317
11.632,11.710999999999999,11.475,11.16,10.755999999999998,10.765999999999998,10.717,10.874,10.727,10.54,10.392000000000001,10.697000000000001,10.845,11.238,11.642000000000001,11.337,11.386,10.924000000000001,11.032,11.317,11.288
11.710999999999999,11.475,11.16,10.755999999999998,10.765999999999998,10.717,10.874,10.727,10.54,10.392000000000001,10.697000000000001,10.845,11.238,11.642000000000001,11.337,11.386,10.924000000000001,11.032,11.317,11.288,11.17
11.475,11.16,10.755999999999998,10.765999999999998,10.717,10.874,10.727,10.54,10.392000000000001,10.697000000000001,10.845,11.238,11.642000000000001,11.337,11.386,10.924000000000001,11.032,11.317,11.288,11.17,11.386
11.16,10.755999999999998,10.765999999999998,10.717,10.874,10.727,10.54,10.392000000000001,10.697000000000001,10.845,11.238,11.642000000000001,11.337,11.386,10.924000000000001,11.032,11.317,11.288,11.17,11.386,11.671
10.755999999999998,10.765999999999998,10.717,10.874,10.727,10.54,10.392000000000001,10.697000000000001,10.845,11.238,11.642000000000001,11.337,11.386,10.924000000000001,11.032,11.317,11.288,11.17,11.386,11.671,11.494000000000002
10.765999999999998,10.717,10.874,10.727,10.54,10.392000000000001,10.697000000000001,10.845,11.238,11.642000000000001,11.337,11.386,10.924000000000001,11.032,11.317,11.288,11.17,11.386,11.671,11.494000000000002,11.238
10.717,10.874,10.727,10.54,10.392000000000001,10.697000000000001,10.845,11.238,11.642000000000001,11.337,11.386,10.924000000000001,11.032,11.317,11.288,11.17,11.386,11.671,11.494000000000002,11.238,10.677999999999999
10.874,10.727,10.54,10.392000000000001,10.697000000000001,10.845,11.238,11.642000000000001,11.337,11.386,10.924000000000001,11.032,11.317,11.288,11.17,11.386,11.671,11.494000000000002,11.238,10.677999999999999,10.707
10.727,10.54,10.392000000000001,10.697000000000001,10.845,11.238,11.642000000000001,11.337,11.386,10.924000000000001,11.032,11.317,11.288,11.17,11.386,11.671,11.494000000000002,11.238,10.677999999999999,10.707,10.579
10.54,10.392000000000001,10.697000000000001,10.845,11.238,11.642000000000001,11.337,11.386,10.924000000000001,11.032,11.317,11.288,11.17,11.386,11.671,11.494000000000002,11.238,10.677999999999999,10.707,10.579,10.51
10.392000000000001,10.697000000000001,10.845,11.238,11.642000000000001,11.337,11.386,10.924000000000001,11.032,11.317,11.288,11.17,11.386,11.671,11.494000000000002,11.238,10.677999999999999,10.707,10.579,10.51,10.638
10.697000000000001,10.845,11.238,11.642000000000001,11.337,11.386,10.924000000000001,11.032,11.317,11.288,11.17,11.386,11.671,11.494000000000002,11.238,10.677999999999999,10.707,10.579,10.51,10.638,10.835
10.845,11.238,11.642000000000001,11.337,11.386,10.924000000000001,11.032,11.317,11.288,11.17,11.386,11.671,11.494000000000002,11.238,10.677999999999999,10.707,10.579,10.51,10.638,10.835,10.796
11.238,11.642000000000001,11.337,11.386,10.924000000000001,11.032,11.317,11.288,11.17,11.386,11.671,11.494000000000002,11.238,10.677999999999999,10.707,10.579,10.51,10.638,10.835,10.796,10.835
11.642000000000001,11.337,11.386,10.924000000000001,11.032,11.317,11.288,11.17,11.386,11.671,11.494000000000002,11.238,10.677999999999999,10.707,10.579,10.51,10.638,10.835,10.796,10.835,10.835
11.337,11.386,10.924000000000001,11.032,11.317,11.288,11.17,11.386,11.671,11.494000000000002,11.238,10.677999999999999,10.707,10.579,10.51,10.638,10.835,10.796,10.835,10.835,11.002
11.386,10.924000000000001,11.032,11.317,11.288,11.17,11.386,11.671,11.494000000000002,11.238,10.677999999999999,10.707,10.579,10.51,10.638,10.835,10.796,10.835,10.835,11.002,10.943
10.924000000000001,11.032,11.317,11.288,11.17,11.386,11.671,11.494000000000002,11.238,10.677999999999999,10.707,10.579,10.51,10.638,10.835,10.796,10.835,10.835,11.002,10.943,10.727
11.032,11.317,11.288,11.17,11.386,11.671,11.494000000000002,11.238,10.677999999999999,10.707,10.579,10.51,10.638,10.835,10.796,10.835,10.835,11.002,10.943,10.727,10.648
11.317,11.288,11.17,11.386,11.671,11.494000000000002,11.238,10.677999999999999,10.707,10.579,10.51,10.638,10.835,10.796,10.835,10.835,11.002,10.943,10.727,10.648,10.786
11.288,11.17,11.386,11.671,11.494000000000002,11.238,10.677999999999999,10.707,10.579,10.51,10.638,10.835,10.796,10.835,10.835,11.002,10.943,10.727,10.648,10.786,10.776
11.17,11.386,11.671,11.494000000000002,11.238,10.677999999999999,10.707,10.579,10.51,10.638,10.835,10.796,10.835,10.835,11.002,10.943,10.727,10.648,10.786,10.776,10.687000000000001
11.386,11.671,11.494000000000002,11.238,10.677999999999999,10.707,10.579,10.51,10.638,10.835,10.796,10.835,10.835,11.002,10.943,10.727,10.648,10.786,10.776,10.687000000000001,10.481
11.671,11.494000000000002,11.238,10.677999999999999,10.707,10.579,10.51,10.638,10.835,10.796,10.835,10.835,11.002,10.943,10.727,10.648,10.786,10.776,10.687000000000001,10.481,10.440999999999999
11.494000000000002,11.238,10.677999999999999,10.707,10.579,10.51,10.638,10.835,10.796,10.835,10.835,11.002,10.943,10.727,10.648,10.786,10.776,10.687000000000001,10.481,10.440999999999999,10.422
11.238,10.677999999999999,10.707,10.579,10.51,10.638,10.835,10.796,10.835,10.835,11.002,10.943,10.727,10.648,10.786,10.776,10.687000000000001,10.481,10.440999999999999,10.422,10.422
10.677999999999999,10.707,10.579,10.51,10.638,10.835,10.796,10.835,10.835,11.002,10.943,10.727,10.648,10.786,10.776,10.687000000000001,10.481,10.440999999999999,10.422,10.422,10.215
10.707,10.579,10.51,10.638,10.835,10.796,10.835,10.835,11.002,10.943,10.727,10.648,10.786,10.776,10.687000000000001,10.481,10.440999999999999,10.422,10.422,10.215,9.92
10.579,10.51,10.638,10.835,10.796,10.835,10.835,11.002,10.943,10.727,10.648,10.786,10.776,10.687000000000001,10.481,10.440999999999999,10.422,10.422,10.215,9.92,10.017999999999999
10.51,10.638,10.835,10.796,10.835,10.835,11.002,10.943,10.727,10.648,10.786,10.776,10.687000000000001,10.481,10.440999999999999,10.422,10.422,10.215,9.92,10.017999999999999,10.027999999999999
10.638,10.835,10.796,10.835,10.835,11.002,10.943,10.727,10.648,10.786,10.776,10.687000000000001,10.481,10.440999999999999,10.422,10.422,10.215,9.92,10.017999999999999,10.027999999999999,10.107000000000001
10.835,10.796,10.835,10.835,11.002,10.943,10.727,10.648,10.786,10.776,10.687000000000001,10.481,10.440999999999999,10.422,10.422,10.215,9.92,10.017999999999999,10.027999999999999,10.107000000000001,10.097000000000001
10.796,10.835,10.835,11.002,10.943,10.727,10.648,10.786,10.776,10.687000000000001,10.481,10.440999999999999,10.422,10.422,10.215,9.92,10.017999999999999,10.027999999999999,10.107000000000001,10.097000000000001,9.979
10.835,10.835,11.002,10.943,10.727,10.648,10.786,10.776,10.687000000000001,10.481,10.440999999999999,10.422,10.422,10.215,9.92,10.017999999999999,10.027999999999999,10.107000000000001,10.097000000000001,9.979,10.205
10.835,11.002,10.943,10.727,10.648,10.786,10.776,10.687000000000001,10.481,10.440999999999999,10.422,10.422,10.215,9.92,10.017999999999999,10.027999999999999,10.107000000000001,10.097000000000001,9.979,10.205,9.959
11.002,10.943,10.727,10.648,10.786,10.776,10.687000000000001,10.481,10.440999999999999,10.422,10.422,10.215,9.92,10.017999999999999,10.027999999999999,10.107000000000001,10.097000000000001,9.979,10.205,9.959,9.88
10.943,10.727,10.648,10.786,10.776,10.687000000000001,10.481,10.440999999999999,10.422,10.422,10.215,9.92,10.017999999999999,10.027999999999999,10.107000000000001,10.097000000000001,9.979,10.205,9.959,9.88,9.9
10.727,10.648,10.786,10.776,10.687000000000001,10.481,10.440999999999999,10.422,10.422,10.215,9.92,10.017999999999999,10.027999999999999,10.107000000000001,10.097000000000001,9.979,10.205,9.959,9.88,9.9,9.792
10.648,10.786,10.776,10.687000000000001,10.481,10.440999999999999,10.422,10.422,10.215,9.92,10.017999999999999,10.027999999999999,10.107000000000001,10.097000000000001,9.979,10.205,9.959,9.88,9.9,9.792,9.91
10.786,10.776,10.687000000000001,10.481,10.440999999999999,10.422,10.422,10.215,9.92,10.017999999999999,10.027999999999999,10.107000000000001,10.097000000000001,9.979,10.205,9.959,9.88,9.9,9.792,9.91,10.008
10.776,10.687000000000001,10.481,10.440999999999999,10.422,10.422,10.215,9.92,10.017999999999999,10.027999999999999,10.107000000000001,10.097000000000001,9.979,10.205,9.959,9.88,9.9,9.792,9.91,10.008,9.713
10.687000000000001,10.481,10.440999999999999,10.422,10.422,10.215,9.92,10.017999999999999,10.027999999999999,10.107000000000001,10.097000000000001,9.979,10.205,9.959,9.88,9.9,9.792,9.91,10.008,9.713,9.752
10.481,10.440999999999999,10.422,10.422,10.215,9.92,10.017999999999999,10.027999999999999,10.107000000000001,10.097000000000001,9.979,10.205,9.959,9.88,9.9,9.792,9.91,10.008,9.713,9.752,9.703
10.440999999999999,10.422,10.422,10.215,9.92,10.017999999999999,10.027999999999999,10.107000000000001,10.097000000000001,9.979,10.205,9.959,9.88,9.9,9.792,9.91,10.008,9.713,9.752,9.703,9.693
10.422,10.422,10.215,9.92,10.017999999999999,10.027999999999999,10.107000000000001,10.097000000000001,9.979,10.205,9.959,9.88,9.9,9.792,9.91,10.008,9.713,9.752,9.703,9.693,9.31
10.422,10.215,9.92,10.017999999999999,10.027999999999999,10.107000000000001,10.097000000000001,9.979,10.205,9.959,9.88,9.9,9.792,9.91,10.008,9.713,9.752,9.703,9.693,9.31,9.211
10.215,9.92,10.017999999999999,10.027999999999999,10.107000000000001,10.097000000000001,9.979,10.205,9.959,9.88,9.9,9.792,9.91,10.008,9.713,9.752,9.703,9.693,9.31,9.211,8.946
9.92,10.017999999999999,10.027999999999999,10.107000000000001,10.097000000000001,9.979,10.205,9.959,9.88,9.9,9.792,9.91,10.008,9.713,9.752,9.703,9.693,9.31,9.211,8.946,8.777999999999999
10.017999999999999,10.027999999999999,10.107000000000001,10.097000000000001,9.979,10.205,9.959,9.88,9.9,9.792,9.91,10.008,9.713,9.752,9.703,9.693,9.31,9.211,8.946,8.777999999999999,8.946
10.027999999999999,10.107000000000001,10.097000000000001,9.979,10.205,9.959,9.88,9.9,9.792,9.91,10.008,9.713,9.752,9.703,9.693,9.31,9.211,8.946,8.777999999999999,8.946,8.472999999999999
10.107000000000001,10.097000000000001,9.979,10.205,9.959,9.88,9.9,9.792,9.91,10.008,9.713,9.752,9.703,9.693,9.31,9.211,8.946,8.777999999999999,8.946,8.472999999999999,8.532
10.097000000000001,9.979,10.205,9.959,9.88,9.9,9.792,9.91,10.008,9.713,9.752,9.703,9.693,9.31,9.211,8.946,8.777999999999999,8.946,8.472999999999999,8.532,8.472999999999999
9.979,10.205,9.959,9.88,9.9,9.792,9.91,10.008,9.713,9.752,9.703,9.693,9.31,9.211,8.946,8.777999999999999,8.946,8.472999999999999,8.532,8.472999999999999,8.463
10.205,9.959,9.88,9.9,9.792,9.91,10.008,9.713,9.752,9.703,9.693,9.31,9.211,8.946,8.777999999999999,8.946,8.472999999999999,8.532,8.472999999999999,8.463,8.522
9.959,9.88,9.9,9.792,9.91,10.008,9.713,9.752,9.703,9.693,9.31,9.211,8.946,8.777999999999999,8.946,8.472999999999999,8.532,8.472999999999999,8.463,8.522,8.886000000000001
9.88,9.9,9.792,9.91,10.008,9.713,9.752,9.703,9.693,9.31,9.211,8.946,8.777999999999999,8.946,8.472999999999999,8.532,8.472999999999999,8.463,8.522,8.886000000000001,8.837
9.9,9.792,9.91,10.008,9.713,9.752,9.703,9.693,9.31,9.211,8.946,8.777999999999999,8.946,8.472999999999999,8.532,8.472999999999999,8.463,8.522,8.886000000000001,8.837,8.64
9.792,9.91,10.008,9.713,9.752,9.703,9.693,9.31,9.211,8.946,8.777999999999999,8.946,8.472999999999999,8.532,8.472999999999999,8.463,8.522,8.886000000000001,8.837,8.64,8.88
9.91,10.008,9.713,9.752,9.703,9.693,9.31,9.211,8.946,8.777999999999999,8.946,8.472999999999999,8.532,8.472999999999999,8.463,8.522,8.886000000000001,8.837,8.64,8.88,8.88
